"[[10, 66], [44, 12], [26, 12], [17, 29], [29, 19], [17, 36], [34, 18], [22, 40], [42, 29], [29, 34], [32, 21], [24, 48], [42, 17], [22, 53], [46, 18], [19, 64], [44, 22], [38, 39], [50, 36], [34, 46], [47, 34], [33, 48], [50, 39], [23, 61], [53, 33], [57, 28], [22, 66], [67, 15], [17, 82], [63, 25], [42, 49], [51, 36], [39, 61], [61, 31], [10, 91], [74, 16], [53, 45], [42, 50], [46, 56], [63, 31], [10, 95], [68, 32], [60, 39], [59, 35], [33, 68], [63, 41], [45, 63], [63, 51], [54, 57], [27, 75], [92, 18], [14, 95], [93, 23], [33, 85], [93, 18], [13, 96], [84, 34], [51, 67], [45, 75], [99, 24], [21, 96], [92, 33], [36, 84], [72, 55], [62, 69], [77, 45], [43, 86], [84, 49], [40, 87], [97, 37], [31, 93], [98, 37], [32, 97], [84, 50], [72, 59], [39, 91], [84, 53], [80, 55], [39, 97], [76, 60], [97, 41], [43, 99], [86, 52], [60, 86], [87, 55], [50, 95], [88, 57], [75, 86], [80, 62], [75, 84], [82, 77], [74, 95], [90, 57], [85, 97], [91, 71], [93, 73], [94, 88], [97, 66], [98, 66], [99, 82]]","[[10, 66], [44, 12], [26, 12], [17, 29], [29, 19], [17, 36], [34, 18], [22, 40], [42, 29], [29, 34], [32, 21], [24, 48], [42, 17], [22, 53], [46, 18], [19, 64], [44, 22], [38, 39], [50, 36], [34, 46], [47, 34], [33, 48], [50, 39], [23, 61], [53, 33], [57, 28], [22, 66], [67, 15], [17, 82], [63, 25], [42, 49], [51, 36], [39, 61], [61, 31], [10, 91], [74, 16], [53, 45], [42, 50], [46, 56], [63, 31], [10, 95], [68, 32], [60, 39], [59, 35], [33, 68], [63, 41], [45, 63], [63, 51], [54, 57], [27, 75], [92, 18], [14, 95], [93, 23], [33, 85], [93, 18], [13, 96], [84, 34], [51, 67], [45, 75], [99, 24], [21, 96], [92, 33], [36, 84], [72, 55], [62, 69], [77, 45], [43, 86], [84, 49], [40, 87], [97, 37], [31, 93], [98, 37], [32, 97], [84, 50], [72, 59], [39, 91], [84, 53], [80, 55], [39, 97], [76, 60], [97, 41], [43, 99], [86, 52], [60, 86], [87, 55], [50, 95], [88, 57], [75, 86], [80, 62], [75, 84], [82, 77], [74, 95], [90, 57], [85, 97], [91, 71], [93, 73], [94, 88], [97, 66], [98, 66], [99, 82]]",53,8,0.0018702870890682233,0.0018702870890682233
"[[11, 39], [14, 11], [20, 13], [27, 22], [14, 35], [34, 11], [21, 32], [28, 21], [26, 35], [32, 31], [14, 45], [57, 12], [13, 51], [51, 28], [30, 37], [41, 37], [36, 40], [36, 40], [45, 37], [28, 51], [47, 32], [43, 42], [25, 56], [74, 18], [16, 65], [59, 33], [21, 74], [84, 13], [23, 58], [59, 36], [34, 62], [39, 64], [79, 16], [26, 68], [52, 55], [72, 29], [17, 84], [76, 22], [42, 63], [52, 51], [13, 90], [78, 24], [82, 19], [18, 93], [69, 36], [53, 55], [50, 58], [73, 35], [31, 89], [70, 40], [64, 53], [51, 75], [70, 38], [45, 78], [73, 38], [41, 82], [79, 35], [36, 90], [84, 27], [37, 92], [61, 66], [80, 41], [59, 70], [45, 90], [90, 29], [55, 85], [80, 51], [57, 85], [73, 60], [72, 61], [61, 97], [79, 60], [74, 70], [72, 73], [75, 74], [68, 93], [84, 57], [75, 87], [76, 65], [77, 79], [79, 82], [77, 84], [90, 39], [85, 96], [91, 62], [89, 91], [92, 76], [92, 17], [92, 24], [95, 89], [95, 96], [96, 27], [96, 90], [96, 56], [97, 30], [97, 98], [98, 37], [99, 76], [99, 92], [99, 93]]","[[11, 39], [14, 11], [20, 13], [27, 22], [14, 35], [34, 11], [21, 32], [28, 21], [26, 35], [32, 31], [14, 45], [57, 12], [13, 51], [51, 28], [30, 37], [41, 37], [36, 40], [36, 40], [45, 37], [28, 51], [47, 32], [43, 42], [25, 56], [74, 18], [16, 65], [59, 33], [21, 74], [84, 13], [23, 58], [59, 36], [34, 62], [39, 64], [79, 16], [26, 68], [52, 55], [72, 29], [17, 84], [76, 22], [42, 63], [52, 51], [13, 90], [78, 24], [82, 19], [18, 93], [69, 36], [53, 55], [50, 58], [73, 35], [31, 89], [70, 40], [64, 53], [51, 75], [70, 38], [45, 78], [73, 38], [41, 82], [79, 35], [36, 90], [84, 27], [37, 92], [61, 66], [80, 41], [59, 70], [45, 90], [90, 29], [55, 85], [80, 51], [57, 85], [73, 60], [72, 61], [61, 97], [79, 60], [74, 70], [72, 73], [75, 74], [68, 93], [84, 57], [75, 87], [76, 65], [77, 79], [79, 82], [77, 84], [90, 39], [85, 96], [91, 62], [89, 91], [92, 76], [92, 17], [92, 24], [95, 89], [95, 96], [96, 27], [96, 90], [96, 56], [97, 30], [97, 98], [98, 37], [99, 76], [99, 92], [99, 93]]",47,9,0.0036885736826670623,0.0036885736826670623
"[[11, 16], [11, 37], [17, 11], [28, 20], [28, 23], [22, 39], [30, 40], [39, 16], [27, 47], [41, 18], [18, 52], [51, 10], [16, 69], [54, 25], [28, 49], [56, 25], [30, 45], [44, 40], [34, 48], [50, 34], [32, 59], [67, 18], [10, 85], [81, 10], [19, 79], [58, 31], [55, 34], [22, 72], [80, 16], [15, 87], [85, 14], [21, 79], [58, 42], [45, 56], [71, 28], [19, 88], [75, 27], [49, 52], [50, 64], [63, 45], [51, 58], [32, 76], [91, 12], [21, 96], [86, 19], [31, 82], [75, 35], [40, 76], [72, 41], [44, 75], [71, 36], [33, 83], [92, 23], [17, 97], [91, 27], [29, 86], [93, 33], [28, 91], [79, 45], [65, 59], [41, 86], [74, 52], [83, 45], [39, 88], [84, 49], [58, 70], [68, 66], [58, 72], [78, 53], [55, 81], [83, 63], [62, 69], [71, 66], [66, 78], [78, 64], [63, 76], [69, 73], [80, 68], [68, 75], [68, 77], [85, 65], [62, 81], [75, 76], [70, 82], [88, 77], [86, 76], [59, 85], [98, 75], [48, 89], [90, 83], [83, 90], [43, 91], [89, 93], [61, 93], [69, 94], [66, 94], [60, 96], [62, 97], [58, 97], [36, 99]]","[[11, 16], [11, 37], [17, 11], [28, 20], [28, 23], [22, 39], [30, 40], [39, 16], [27, 47], [41, 18], [18, 52], [51, 10], [16, 69], [54, 25], [28, 49], [56, 25], [30, 45], [44, 40], [34, 48], [50, 34], [32, 59], [67, 18], [10, 85], [81, 10], [19, 79], [58, 31], [55, 34], [22, 72], [80, 16], [15, 87], [85, 14], [21, 79], [58, 42], [45, 56], [71, 28], [19, 88], [75, 27], [49, 52], [50, 64], [63, 45], [51, 58], [32, 76], [91, 12], [21, 96], [86, 19], [31, 82], [75, 35], [40, 76], [72, 41], [44, 75], [71, 36], [33, 83], [92, 23], [17, 97], [91, 27], [29, 86], [93, 33], [28, 91], [79, 45], [65, 59], [41, 86], [74, 52], [83, 45], [39, 88], [84, 49], [58, 70], [68, 66], [58, 72], [78, 53], [55, 81], [83, 63], [62, 69], [71, 66], [66, 78], [78, 64], [63, 76], [69, 73], [80, 68], [68, 75], [68, 77], [85, 65], [62, 81], [75, 76], [70, 82], [88, 77], [86, 76], [59, 85], [98, 75], [48, 89], [90, 83], [83, 90], [43, 91], [89, 93], [61, 93], [69, 94], [66, 94], [60, 96], [62, 97], [58, 97], [36, 99]]",20,9,0.0016817960771600138,0.0016817960771600138
"[[10, 17], [15, 25], [18, 22], [28, 17], [14, 27], [33, 14], [11, 46], [32, 19], [26, 27], [23, 35], [46, 12], [15, 50], [33, 28], [29, 42], [47, 12], [23, 38], [27, 44], [51, 16], [17, 55], [51, 12], [19, 55], [36, 32], [33, 45], [49, 22], [26, 61], [49, 37], [59, 13], [10, 97], [59, 17], [44, 42], [52, 20], [24, 71], [52, 37], [54, 28], [27, 67], [58, 30], [36, 60], [61, 45], [36, 66], [73, 22], [26, 86], [79, 17], [23, 90], [79, 19], [24, 92], [76, 23], [41, 69], [77, 20], [20, 98], [74, 32], [55, 56], [50, 67], [70, 40], [44, 72], [69, 42], [42, 78], [76, 37], [31, 87], [90, 22], [28, 91], [84, 26], [28, 92], [84, 29], [42, 82], [49, 77], [99, 13], [26, 94], [91, 25], [23, 99], [84, 35], [53, 71], [59, 60], [47, 80], [98, 39], [33, 93], [88, 42], [55, 83], [80, 50], [59, 73], [70, 86], [85, 54], [56, 93], [95, 56], [56, 97], [97, 54], [46, 98], [94, 61], [69, 87], [86, 69], [71, 91], [86, 72], [77, 84], [88, 79], [76, 99], [92, 81], [94, 81], [83, 92], [95, 85], [96, 85], [97, 99]]","[[10, 17], [15, 25], [18, 22], [28, 17], [14, 27], [33, 14], [11, 46], [32, 19], [26, 27], [23, 35], [46, 12], [15, 50], [33, 28], [29, 42], [47, 12], [23, 38], [27, 44], [51, 16], [17, 55], [51, 12], [19, 55], [36, 32], [33, 45], [49, 22], [26, 61], [49, 37], [59, 13], [10, 97], [59, 17], [44, 42], [52, 20], [24, 71], [52, 37], [54, 28], [27, 67], [58, 30], [36, 60], [61, 45], [36, 66], [73, 22], [26, 86], [79, 17], [23, 90], [79, 19], [24, 92], [76, 23], [41, 69], [77, 20], [20, 98], [74, 32], [55, 56], [50, 67], [70, 40], [44, 72], [69, 42], [42, 78], [76, 37], [31, 87], [90, 22], [28, 91], [84, 26], [28, 92], [84, 29], [42, 82], [49, 77], [99, 13], [26, 94], [91, 25], [23, 99], [84, 35], [53, 71], [59, 60], [47, 80], [98, 39], [33, 93], [88, 42], [55, 83], [80, 50], [59, 73], [70, 86], [85, 54], [56, 93], [95, 56], [56, 97], [97, 54], [46, 98], [94, 61], [69, 87], [86, 69], [71, 91], [86, 72], [77, 84], [88, 79], [76, 99], [92, 81], [94, 81], [83, 92], [95, 85], [96, 85], [97, 99]]",39,9,0.0013432194283258259,0.0013432194283258259
"[[10, 52], [28, 13], [26, 13], [12, 21], [27, 14], [19, 26], [26, 25], [25, 29], [26, 30], [18, 31], [41, 12], [18, 40], [26, 31], [40, 32], [24, 38], [49, 31], [17, 43], [54, 28], [26, 39], [33, 41], [47, 39], [16, 52], [82, 17], [10, 54], [26, 49], [75, 21], [25, 50], [38, 42], [14, 54], [91, 21], [10, 65], [81, 30], [17, 62], [73, 33], [13, 69], [83, 30], [39, 51], [15, 64], [98, 22], [26, 61], [51, 44], [54, 45], [23, 70], [91, 34], [11, 75], [84, 35], [41, 55], [61, 50], [11, 81], [80, 42], [85, 37], [19, 84], [85, 38], [39, 67], [80, 40], [23, 81], [91, 35], [26, 87], [94, 42], [46, 76], [82, 49], [43, 78], [82, 51], [50, 75], [76, 59], [58, 72], [68, 61], [64, 74], [80, 54], [27, 88], [99, 56], [66, 76], [82, 63], [41, 90], [96, 58], [71, 72], [63, 80], [83, 71], [76, 72], [45, 92], [96, 65], [72, 80], [97, 61], [49, 92], [88, 73], [89, 77], [76, 80], [71, 84], [89, 81], [75, 85], [98, 83], [76, 86], [90, 85], [65, 93], [93, 91], [75, 93], [55, 95], [62, 96], [96, 98], [58, 99]]","[[10, 52], [28, 13], [26, 13], [12, 21], [27, 14], [19, 26], [26, 25], [25, 29], [26, 30], [18, 31], [41, 12], [18, 40], [26, 31], [40, 32], [24, 38], [49, 31], [17, 43], [54, 28], [26, 39], [33, 41], [47, 39], [16, 52], [82, 17], [10, 54], [26, 49], [75, 21], [25, 50], [38, 42], [14, 54], [91, 21], [10, 65], [81, 30], [17, 62], [73, 33], [13, 69], [83, 30], [39, 51], [15, 64], [98, 22], [26, 61], [51, 44], [54, 45], [23, 70], [91, 34], [11, 75], [84, 35], [41, 55], [61, 50], [11, 81], [80, 42], [85, 37], [19, 84], [85, 38], [39, 67], [80, 40], [23, 81], [91, 35], [26, 87], [94, 42], [46, 76], [82, 49], [43, 78], [82, 51], [50, 75], [76, 59], [58, 72], [68, 61], [64, 74], [80, 54], [27, 88], [99, 56], [66, 76], [82, 63], [41, 90], [96, 58], [71, 72], [63, 80], [83, 71], [76, 72], [45, 92], [96, 65], [72, 80], [97, 61], [49, 92], [88, 73], [89, 77], [76, 80], [71, 84], [89, 81], [75, 85], [98, 83], [76, 86], [90, 85], [65, 93], [93, 91], [75, 93], [55, 95], [62, 96], [96, 98], [58, 99]]",85,8,0.0009278609769421964,0.0009278609769421964
"[[12, 19], [18, 15], [13, 22], [21, 18], [19, 21], [20, 24], [22, 26], [28, 35], [37, 12], [13, 37], [18, 36], [51, 17], [17, 37], [40, 25], [12, 54], [53, 18], [32, 34], [31, 37], [41, 34], [17, 52], [61, 15], [15, 56], [58, 21], [27, 51], [42, 34], [33, 39], [24, 55], [72, 14], [23, 60], [58, 32], [32, 48], [49, 39], [37, 46], [43, 46], [51, 39], [34, 58], [60, 33], [21, 69], [81, 17], [16, 73], [56, 36], [27, 70], [95, 12], [11, 81], [62, 42], [65, 38], [41, 63], [36, 69], [84, 23], [33, 72], [43, 62], [90, 28], [28, 78], [74, 39], [45, 65], [64, 48], [49, 66], [47, 73], [92, 27], [27, 85], [86, 39], [27, 87], [98, 22], [20, 96], [93, 38], [31, 83], [92, 46], [41, 77], [59, 66], [92, 42], [21, 94], [96, 47], [51, 74], [89, 52], [19, 97], [91, 51], [84, 52], [43, 84], [99, 51], [33, 94], [78, 59], [89, 62], [67, 75], [70, 73], [70, 75], [81, 67], [50, 84], [76, 71], [98, 67], [58, 95], [95, 69], [64, 87], [94, 78], [69, 93], [88, 92], [97, 95], [65, 95], [48, 98], [82, 99], [90, 99]]","[[12, 19], [18, 15], [13, 22], [21, 18], [19, 21], [20, 24], [22, 26], [28, 35], [37, 12], [13, 37], [18, 36], [51, 17], [17, 37], [40, 25], [12, 54], [53, 18], [32, 34], [31, 37], [41, 34], [17, 52], [61, 15], [15, 56], [58, 21], [27, 51], [42, 34], [33, 39], [24, 55], [72, 14], [23, 60], [58, 32], [32, 48], [49, 39], [37, 46], [43, 46], [51, 39], [34, 58], [60, 33], [21, 69], [81, 17], [16, 73], [56, 36], [27, 70], [95, 12], [11, 81], [62, 42], [65, 38], [41, 63], [36, 69], [84, 23], [33, 72], [43, 62], [90, 28], [28, 78], [74, 39], [45, 65], [64, 48], [49, 66], [47, 73], [92, 27], [27, 85], [86, 39], [27, 87], [98, 22], [20, 96], [93, 38], [31, 83], [92, 46], [41, 77], [59, 66], [92, 42], [21, 94], [96, 47], [51, 74], [89, 52], [19, 97], [91, 51], [84, 52], [43, 84], [99, 51], [33, 94], [78, 59], [89, 62], [67, 75], [70, 73], [70, 75], [81, 67], [50, 84], [76, 71], [98, 67], [58, 95], [95, 69], [64, 87], [94, 78], [69, 93], [88, 92], [97, 95], [65, 95], [48, 98], [82, 99], [90, 99]]",14,13,0.0014042518382519908,0.0014042518382519908
"[[10, 25], [20, 29], [19, 30], [25, 31], [48, 17], [20, 42], [40, 24], [11, 53], [66, 16], [10, 54], [52, 22], [31, 36], [27, 45], [55, 29], [13, 52], [59, 29], [35, 39], [23, 55], [44, 43], [71, 26], [11, 68], [79, 21], [18, 67], [48, 45], [41, 58], [80, 32], [20, 75], [95, 11], [12, 76], [76, 33], [27, 71], [72, 40], [42, 58], [60, 49], [49, 57], [57, 51], [10, 92], [80, 38], [59, 54], [88, 31], [16, 83], [95, 24], [18, 86], [61, 52], [81, 40], [23, 85], [98, 28], [15, 91], [97, 30], [39, 76], [83, 41], [18, 91], [75, 48], [87, 45], [41, 77], [69, 55], [66, 56], [47, 74], [80, 51], [23, 90], [91, 44], [71, 60], [52, 71], [82, 49], [36, 83], [82, 54], [66, 70], [73, 61], [46, 80], [89, 58], [47, 82], [98, 52], [46, 77], [73, 72], [83, 65], [41, 88], [78, 71], [92, 71], [76, 73], [81, 77], [77, 78], [76, 81], [83, 75], [63, 83], [95, 73], [35, 90], [94, 75], [79, 83], [79, 84], [81, 87], [89, 90], [32, 92], [44, 93], [16, 93], [83, 94], [73, 97], [85, 97], [12, 99], [53, 99], [26, 99]]","[[10, 25], [20, 29], [19, 30], [25, 31], [48, 17], [20, 42], [40, 24], [11, 53], [66, 16], [10, 54], [52, 22], [31, 36], [27, 45], [55, 29], [13, 52], [59, 29], [35, 39], [23, 55], [44, 43], [71, 26], [11, 68], [79, 21], [18, 67], [48, 45], [41, 58], [80, 32], [20, 75], [95, 11], [12, 76], [76, 33], [27, 71], [72, 40], [42, 58], [60, 49], [49, 57], [57, 51], [10, 92], [80, 38], [59, 54], [88, 31], [16, 83], [95, 24], [18, 86], [61, 52], [81, 40], [23, 85], [98, 28], [15, 91], [97, 30], [39, 76], [83, 41], [18, 91], [75, 48], [87, 45], [41, 77], [69, 55], [66, 56], [47, 74], [80, 51], [23, 90], [91, 44], [71, 60], [52, 71], [82, 49], [36, 83], [82, 54], [66, 70], [73, 61], [46, 80], [89, 58], [47, 82], [98, 52], [46, 77], [73, 72], [83, 65], [41, 88], [78, 71], [92, 71], [76, 73], [81, 77], [77, 78], [76, 81], [83, 75], [63, 83], [95, 73], [35, 90], [94, 75], [79, 83], [79, 84], [81, 87], [89, 90], [32, 92], [44, 93], [16, 93], [83, 94], [73, 97], [85, 97], [12, 99], [53, 99], [26, 99]]",38,13,0.0011326355256990883,0.0011326355256990883
"[[14, 33], [24, 18], [19, 35], [32, 12], [21, 39], [29, 20], [30, 25], [23, 42], [33, 26], [38, 30], [30, 20], [10, 60], [45, 29], [52, 11], [11, 69], [47, 22], [43, 31], [31, 45], [47, 22], [24, 56], [37, 48], [63, 17], [20, 63], [38, 50], [60, 22], [38, 42], [40, 44], [39, 46], [50, 38], [36, 61], [66, 19], [18, 87], [69, 26], [34, 57], [58, 43], [49, 52], [54, 52], [24, 78], [90, 13], [27, 79], [58, 47], [69, 37], [36, 69], [71, 39], [27, 86], [77, 32], [53, 55], [55, 55], [56, 60], [46, 73], [86, 18], [20, 98], [90, 21], [22, 98], [92, 31], [44, 74], [59, 57], [47, 74], [94, 24], [28, 94], [80, 45], [57, 68], [61, 62], [53, 79], [91, 34], [35, 99], [90, 39], [54, 78], [66, 60], [67, 67], [71, 65], [60, 72], [72, 67], [62, 77], [69, 85], [84, 45], [65, 83], [75, 69], [74, 65], [64, 96], [85, 56], [71, 82], [75, 73], [75, 77], [80, 78], [77, 84], [81, 63], [67, 97], [94, 39], [78, 84], [86, 83], [86, 95], [88, 78], [88, 97], [94, 62], [92, 97], [96, 85], [96, 63], [98, 28], [99, 16]]","[[14, 33], [24, 18], [19, 35], [32, 12], [21, 39], [29, 20], [30, 25], [23, 42], [33, 26], [38, 30], [30, 20], [10, 60], [45, 29], [52, 11], [11, 69], [47, 22], [43, 31], [31, 45], [47, 22], [24, 56], [37, 48], [63, 17], [20, 63], [38, 50], [60, 22], [38, 42], [40, 44], [39, 46], [50, 38], [36, 61], [66, 19], [18, 87], [69, 26], [34, 57], [58, 43], [49, 52], [54, 52], [24, 78], [90, 13], [27, 79], [58, 47], [69, 37], [36, 69], [71, 39], [27, 86], [77, 32], [53, 55], [55, 55], [56, 60], [46, 73], [86, 18], [20, 98], [90, 21], [22, 98], [92, 31], [44, 74], [59, 57], [47, 74], [94, 24], [28, 94], [80, 45], [57, 68], [61, 62], [53, 79], [91, 34], [35, 99], [90, 39], [54, 78], [66, 60], [67, 67], [71, 65], [60, 72], [72, 67], [62, 77], [69, 85], [84, 45], [65, 83], [75, 69], [74, 65], [64, 96], [85, 56], [71, 82], [75, 73], [75, 77], [80, 78], [77, 84], [81, 63], [67, 97], [94, 39], [78, 84], [86, 83], [86, 95], [88, 78], [88, 97], [94, 62], [92, 97], [96, 85], [96, 63], [98, 28], [99, 16]]",34,12,0.0017205378768896384,0.0017205378768896384
"[[11, 44], [13, 12], [33, 13], [22, 16], [12, 20], [21, 26], [30, 24], [23, 26], [17, 32], [29, 28], [31, 28], [37, 24], [14, 44], [47, 13], [18, 47], [47, 14], [12, 48], [44, 30], [27, 42], [43, 32], [35, 45], [49, 23], [17, 58], [67, 16], [10, 63], [69, 19], [18, 63], [56, 25], [31, 51], [47, 38], [31, 52], [62, 24], [16, 64], [62, 28], [42, 48], [46, 43], [45, 46], [22, 64], [78, 16], [22, 66], [68, 26], [28, 64], [25, 67], [89, 11], [27, 62], [54, 48], [42, 53], [66, 38], [38, 56], [53, 54], [48, 61], [66, 43], [30, 73], [87, 15], [20, 98], [88, 19], [25, 91], [84, 29], [37, 80], [68, 46], [57, 55], [52, 59], [65, 54], [53, 60], [49, 69], [82, 33], [27, 97], [98, 26], [28, 91], [58, 72], [98, 26], [35, 89], [88, 38], [37, 82], [83, 44], [46, 83], [69, 61], [61, 73], [83, 59], [48, 81], [92, 50], [46, 91], [92, 52], [59, 87], [60, 91], [98, 56], [64, 91], [95, 59], [59, 95], [95, 73], [68, 91], [98, 84], [88, 89], [89, 90], [82, 91], [77, 92], [87, 93], [82, 95], [90, 96], [91, 98]]","[[11, 44], [13, 12], [33, 13], [22, 16], [12, 20], [21, 26], [30, 24], [23, 26], [17, 32], [29, 28], [31, 28], [37, 24], [14, 44], [47, 13], [18, 47], [47, 14], [12, 48], [44, 30], [27, 42], [43, 32], [35, 45], [49, 23], [17, 58], [67, 16], [10, 63], [69, 19], [18, 63], [56, 25], [31, 51], [47, 38], [31, 52], [62, 24], [16, 64], [62, 28], [42, 48], [46, 43], [45, 46], [22, 64], [78, 16], [22, 66], [68, 26], [28, 64], [25, 67], [89, 11], [27, 62], [54, 48], [42, 53], [66, 38], [38, 56], [53, 54], [48, 61], [66, 43], [30, 73], [87, 15], [20, 98], [88, 19], [25, 91], [84, 29], [37, 80], [68, 46], [57, 55], [52, 59], [65, 54], [53, 60], [49, 69], [82, 33], [27, 97], [98, 26], [28, 91], [58, 72], [98, 26], [35, 89], [88, 38], [37, 82], [83, 44], [46, 83], [69, 61], [61, 73], [83, 59], [48, 81], [92, 50], [46, 91], [92, 52], [59, 87], [60, 91], [98, 56], [64, 91], [95, 59], [59, 95], [95, 73], [68, 91], [98, 84], [88, 89], [89, 90], [82, 91], [77, 92], [87, 93], [82, 95], [90, 96], [91, 98]]",63,14,0.0009297187830810127,0.0009297187830810127
"[[10, 32], [23, 17], [25, 18], [17, 19], [18, 13], [16, 43], [43, 14], [10, 54], [47, 15], [26, 30], [22, 39], [40, 17], [14, 47], [52, 15], [17, 53], [44, 25], [27, 39], [47, 36], [19, 58], [65, 13], [22, 54], [54, 37], [37, 45], [47, 40], [33, 51], [59, 21], [17, 69], [72, 20], [10, 87], [69, 22], [45, 44], [36, 57], [66, 27], [29, 66], [69, 26], [21, 82], [61, 31], [50, 47], [47, 54], [61, 36], [30, 74], [59, 46], [47, 55], [68, 36], [30, 76], [85, 19], [15, 90], [91, 15], [22, 84], [69, 42], [40, 62], [79, 36], [32, 74], [70, 46], [53, 62], [59, 56], [45, 70], [81, 40], [30, 85], [89, 31], [27, 91], [98, 20], [26, 95], [71, 51], [61, 61], [70, 54], [54, 75], [81, 52], [44, 83], [67, 64], [82, 45], [37, 94], [92, 43], [56, 76], [70, 65], [73, 68], [62, 82], [89, 55], [48, 90], [89, 56], [42, 91], [99, 56], [42, 99], [99, 61], [87, 65], [50, 90], [97, 67], [64, 90], [93, 70], [80, 84], [84, 87], [84, 91], [77, 92], [60, 93], [68, 96], [70, 96], [67, 97], [67, 97], [88, 97], [64, 98]]","[[10, 32], [23, 17], [25, 18], [17, 19], [18, 13], [16, 43], [43, 14], [10, 54], [47, 15], [26, 30], [22, 39], [40, 17], [14, 47], [52, 15], [17, 53], [44, 25], [27, 39], [47, 36], [19, 58], [65, 13], [22, 54], [54, 37], [37, 45], [47, 40], [33, 51], [59, 21], [17, 69], [72, 20], [10, 87], [69, 22], [45, 44], [36, 57], [66, 27], [29, 66], [69, 26], [21, 82], [61, 31], [50, 47], [47, 54], [61, 36], [30, 74], [59, 46], [47, 55], [68, 36], [30, 76], [85, 19], [15, 90], [91, 15], [22, 84], [69, 42], [40, 62], [79, 36], [32, 74], [70, 46], [53, 62], [59, 56], [45, 70], [81, 40], [30, 85], [89, 31], [27, 91], [98, 20], [26, 95], [71, 51], [61, 61], [70, 54], [54, 75], [81, 52], [44, 83], [67, 64], [82, 45], [37, 94], [92, 43], [56, 76], [70, 65], [73, 68], [62, 82], [89, 55], [48, 90], [89, 56], [42, 91], [99, 56], [42, 99], [99, 61], [87, 65], [50, 90], [97, 67], [64, 90], [93, 70], [80, 84], [84, 87], [84, 91], [77, 92], [60, 93], [68, 96], [70, 96], [67, 97], [67, 97], [88, 97], [64, 98]]",1,13,0.001151949469542335,0.001151949469542335
"[[10, 53], [25, 12], [15, 19], [26, 21], [22, 22], [21, 27], [43, 12], [11, 53], [25, 35], [62, 13], [15, 52], [49, 22], [27, 33], [11, 56], [58, 20], [29, 39], [49, 34], [10, 65], [81, 15], [20, 59], [49, 36], [46, 42], [46, 38], [21, 69], [82, 11], [14, 71], [59, 34], [29, 61], [59, 35], [52, 50], [36, 59], [64, 35], [25, 70], [89, 15], [17, 79], [80, 22], [22, 75], [68, 40], [36, 64], [74, 35], [22, 76], [88, 16], [11, 91], [80, 37], [52, 59], [44, 61], [76, 42], [44, 67], [55, 61], [71, 48], [30, 76], [92, 22], [23, 90], [93, 27], [27, 87], [57, 61], [92, 31], [30, 87], [77, 50], [60, 58], [59, 62], [60, 66], [68, 57], [45, 76], [71, 54], [69, 58], [38, 91], [99, 27], [38, 93], [91, 46], [46, 92], [77, 59], [73, 66], [61, 76], [84, 59], [58, 81], [80, 63], [64, 76], [78, 65], [59, 85], [81, 64], [70, 75], [66, 82], [95, 61], [59, 86], [87, 74], [69, 83], [83, 75], [83, 78], [67, 85], [89, 75], [61, 86], [78, 89], [95, 92], [80, 93], [45, 93], [52, 94], [42, 95], [86, 96], [74, 97]]","[[10, 53], [25, 12], [15, 19], [26, 21], [22, 22], [21, 27], [43, 12], [11, 53], [25, 35], [62, 13], [15, 52], [49, 22], [27, 33], [11, 56], [58, 20], [29, 39], [49, 34], [10, 65], [81, 15], [20, 59], [49, 36], [46, 42], [46, 38], [21, 69], [82, 11], [14, 71], [59, 34], [29, 61], [59, 35], [52, 50], [36, 59], [64, 35], [25, 70], [89, 15], [17, 79], [80, 22], [22, 75], [68, 40], [36, 64], [74, 35], [22, 76], [88, 16], [11, 91], [80, 37], [52, 59], [44, 61], [76, 42], [44, 67], [55, 61], [71, 48], [30, 76], [92, 22], [23, 90], [93, 27], [27, 87], [57, 61], [92, 31], [30, 87], [77, 50], [60, 58], [59, 62], [60, 66], [68, 57], [45, 76], [71, 54], [69, 58], [38, 91], [99, 27], [38, 93], [91, 46], [46, 92], [77, 59], [73, 66], [61, 76], [84, 59], [58, 81], [80, 63], [64, 76], [78, 65], [59, 85], [81, 64], [70, 75], [66, 82], [95, 61], [59, 86], [87, 74], [69, 83], [83, 75], [83, 78], [67, 85], [89, 75], [61, 86], [78, 89], [95, 92], [80, 93], [45, 93], [52, 94], [42, 95], [86, 96], [74, 97]]",40,13,0.0011914513366594326,0.0011914513366594326
"[[11, 32], [16, 11], [17, 22], [27, 10], [11, 35], [31, 13], [18, 28], [27, 22], [11, 36], [35, 19], [35, 15], [10, 59], [53, 10], [21, 44], [35, 30], [32, 31], [34, 34], [37, 36], [18, 50], [59, 20], [19, 52], [62, 21], [21, 48], [45, 35], [36, 38], [38, 42], [26, 47], [66, 23], [14, 61], [65, 24], [17, 72], [79, 10], [15, 74], [30, 63], [84, 10], [18, 75], [84, 12], [15, 79], [74, 25], [21, 72], [66, 31], [44, 56], [53, 45], [40, 66], [76, 27], [27, 73], [68, 31], [32, 70], [65, 42], [47, 57], [60, 48], [46, 61], [67, 42], [41, 71], [43, 67], [90, 15], [18, 95], [81, 32], [37, 78], [88, 34], [35, 73], [71, 47], [43, 76], [81, 39], [39, 79], [80, 41], [39, 84], [82, 41], [46, 87], [56, 71], [87, 42], [47, 88], [80, 48], [65, 68], [68, 65], [66, 68], [67, 68], [65, 76], [72, 72], [78, 64], [63, 85], [80, 52], [58, 96], [83, 52], [64, 87], [80, 67], [73, 82], [73, 83], [90, 55], [65, 99], [71, 95], [96, 48], [75, 82], [78, 82], [86, 80], [80, 90], [83, 88], [94, 62], [83, 90], [98, 49]]","[[11, 32], [16, 11], [17, 22], [27, 10], [11, 35], [31, 13], [18, 28], [27, 22], [11, 36], [35, 19], [35, 15], [10, 59], [53, 10], [21, 44], [35, 30], [32, 31], [34, 34], [37, 36], [18, 50], [59, 20], [19, 52], [62, 21], [21, 48], [45, 35], [36, 38], [38, 42], [26, 47], [66, 23], [14, 61], [65, 24], [17, 72], [79, 10], [15, 74], [30, 63], [84, 10], [18, 75], [84, 12], [15, 79], [74, 25], [21, 72], [66, 31], [44, 56], [53, 45], [40, 66], [76, 27], [27, 73], [68, 31], [32, 70], [65, 42], [47, 57], [60, 48], [46, 61], [67, 42], [41, 71], [43, 67], [90, 15], [18, 95], [81, 32], [37, 78], [88, 34], [35, 73], [71, 47], [43, 76], [81, 39], [39, 79], [80, 41], [39, 84], [82, 41], [46, 87], [56, 71], [87, 42], [47, 88], [80, 48], [65, 68], [68, 65], [66, 68], [67, 68], [65, 76], [72, 72], [78, 64], [63, 85], [80, 52], [58, 96], [83, 52], [64, 87], [80, 67], [73, 82], [73, 83], [90, 55], [65, 99], [71, 95], [96, 48], [75, 82], [78, 82], [86, 80], [80, 90], [83, 88], [94, 62], [83, 90], [98, 49]]",61,12,0.0011564153844060288,0.0011564153844060288
"[[14, 46], [25, 15], [22, 20], [16, 22], [39, 24], [20, 33], [38, 25], [24, 42], [37, 31], [28, 36], [31, 39], [52, 16], [16, 54], [46, 29], [34, 36], [28, 48], [54, 29], [17, 56], [63, 31], [38, 46], [41, 48], [24, 62], [84, 18], [15, 71], [81, 22], [17, 63], [68, 33], [36, 57], [55, 43], [16, 73], [96, 13], [12, 77], [81, 28], [29, 63], [64, 40], [34, 59], [62, 43], [37, 61], [71, 34], [18, 72], [89, 32], [24, 74], [81, 38], [28, 67], [66, 47], [55, 55], [52, 58], [60, 48], [29, 73], [93, 27], [18, 81], [94, 28], [16, 86], [89, 33], [25, 75], [92, 34], [30, 75], [58, 55], [58, 59], [48, 68], [93, 45], [44, 70], [74, 57], [48, 70], [72, 58], [65, 65], [45, 77], [95, 41], [22, 87], [80, 57], [86, 55], [42, 80], [92, 55], [37, 85], [99, 50], [45, 76], [81, 65], [66, 69], [63, 74], [42, 84], [92, 66], [80, 82], [85, 85], [43, 87], [91, 88], [51, 89], [68, 89], [62, 90], [78, 90], [38, 92], [39, 92], [84, 93], [69, 95], [51, 95], [43, 96], [28, 97], [97, 98], [24, 99], [16, 99], [44, 99]]","[[14, 46], [25, 15], [22, 20], [16, 22], [39, 24], [20, 33], [38, 25], [24, 42], [37, 31], [28, 36], [31, 39], [52, 16], [16, 54], [46, 29], [34, 36], [28, 48], [54, 29], [17, 56], [63, 31], [38, 46], [41, 48], [24, 62], [84, 18], [15, 71], [81, 22], [17, 63], [68, 33], [36, 57], [55, 43], [16, 73], [96, 13], [12, 77], [81, 28], [29, 63], [64, 40], [34, 59], [62, 43], [37, 61], [71, 34], [18, 72], [89, 32], [24, 74], [81, 38], [28, 67], [66, 47], [55, 55], [52, 58], [60, 48], [29, 73], [93, 27], [18, 81], [94, 28], [16, 86], [89, 33], [25, 75], [92, 34], [30, 75], [58, 55], [58, 59], [48, 68], [93, 45], [44, 70], [74, 57], [48, 70], [72, 58], [65, 65], [45, 77], [95, 41], [22, 87], [80, 57], [86, 55], [42, 80], [92, 55], [37, 85], [99, 50], [45, 76], [81, 65], [66, 69], [63, 74], [42, 84], [92, 66], [80, 82], [85, 85], [43, 87], [91, 88], [51, 89], [68, 89], [62, 90], [78, 90], [38, 92], [39, 92], [84, 93], [69, 95], [51, 95], [43, 96], [28, 97], [97, 98], [24, 99], [16, 99], [44, 99]]",63,13,0.0013418548594315016,0.0013418548594315016
"[[10, 33], [18, 14], [28, 26], [19, 40], [42, 11], [16, 32], [27, 29], [29, 30], [32, 23], [15, 48], [53, 13], [19, 55], [55, 12], [12, 57], [51, 23], [27, 47], [41, 25], [16, 60], [74, 12], [16, 57], [47, 28], [34, 52], [42, 45], [42, 47], [62, 31], [27, 65], [66, 23], [25, 73], [69, 26], [13, 85], [89, 11], [26, 77], [69, 29], [36, 69], [55, 51], [32, 70], [99, 13], [17, 90], [75, 25], [38, 67], [55, 55], [69, 40], [37, 71], [44, 70], [94, 18], [21, 91], [96, 22], [21, 88], [69, 48], [55, 60], [61, 60], [59, 62], [74, 43], [26, 89], [95, 29], [41, 85], [63, 56], [76, 48], [45, 89], [88, 39], [41, 90], [86, 39], [36, 98], [87, 45], [66, 69], [70, 74], [74, 60], [54, 98], [75, 62], [87, 48], [52, 99], [88, 46], [54, 97], [82, 59], [76, 73], [70, 81], [70, 95], [88, 52], [74, 79], [72, 83], [85, 69], [72, 84], [69, 97], [93, 49], [73, 97], [91, 73], [77, 97], [90, 77], [85, 82], [90, 92], [93, 57], [94, 80], [94, 94], [94, 65], [97, 76], [97, 55], [97, 81], [98, 45], [99, 81], [99, 95]]","[[10, 33], [18, 14], [28, 26], [19, 40], [42, 11], [16, 32], [27, 29], [29, 30], [32, 23], [15, 48], [53, 13], [19, 55], [55, 12], [12, 57], [51, 23], [27, 47], [41, 25], [16, 60], [74, 12], [16, 57], [47, 28], [34, 52], [42, 45], [42, 47], [62, 31], [27, 65], [66, 23], [25, 73], [69, 26], [13, 85], [89, 11], [26, 77], [69, 29], [36, 69], [55, 51], [32, 70], [99, 13], [17, 90], [75, 25], [38, 67], [55, 55], [69, 40], [37, 71], [44, 70], [94, 18], [21, 91], [96, 22], [21, 88], [69, 48], [55, 60], [61, 60], [59, 62], [74, 43], [26, 89], [95, 29], [41, 85], [63, 56], [76, 48], [45, 89], [88, 39], [41, 90], [86, 39], [36, 98], [87, 45], [66, 69], [70, 74], [74, 60], [54, 98], [75, 62], [87, 48], [52, 99], [88, 46], [54, 97], [82, 59], [76, 73], [70, 81], [70, 95], [88, 52], [74, 79], [72, 83], [85, 69], [72, 84], [69, 97], [93, 49], [73, 97], [91, 73], [77, 97], [90, 77], [85, 82], [90, 92], [93, 57], [94, 80], [94, 94], [94, 65], [97, 76], [97, 55], [97, 81], [98, 45], [99, 81], [99, 95]]",46,11,0.0007876814696924361,0.0007876814696924361
"[[11, 43], [17, 11], [26, 12], [19, 14], [16, 31], [22, 17], [25, 20], [21, 36], [32, 11], [17, 34], [25, 17], [26, 30], [28, 24], [19, 40], [35, 28], [14, 43], [64, 12], [10, 61], [54, 20], [34, 37], [27, 45], [48, 30], [27, 52], [59, 21], [24, 62], [48, 29], [40, 50], [45, 50], [56, 36], [29, 63], [69, 19], [17, 79], [73, 14], [18, 83], [75, 21], [33, 60], [57, 37], [36, 66], [71, 25], [21, 82], [84, 18], [22, 81], [54, 42], [61, 50], [52, 52], [38, 67], [85, 29], [26, 77], [73, 35], [42, 69], [70, 38], [19, 91], [97, 18], [19, 91], [71, 45], [76, 49], [44, 70], [77, 51], [51, 69], [57, 61], [54, 70], [84, 47], [35, 81], [97, 38], [39, 86], [82, 49], [30, 96], [91, 51], [77, 53], [42, 84], [96, 47], [35, 91], [79, 59], [78, 67], [73, 72], [72, 74], [59, 84], [97, 58], [48, 88], [90, 68], [73, 76], [49, 91], [93, 74], [82, 82], [87, 85], [93, 89], [84, 90], [70, 91], [72, 91], [69, 92], [88, 93], [89, 94], [48, 96], [89, 97], [89, 97], [19, 98], [66, 98], [40, 99], [79, 99], [51, 99]]","[[11, 43], [17, 11], [26, 12], [19, 14], [16, 31], [22, 17], [25, 20], [21, 36], [32, 11], [17, 34], [25, 17], [26, 30], [28, 24], [19, 40], [35, 28], [14, 43], [64, 12], [10, 61], [54, 20], [34, 37], [27, 45], [48, 30], [27, 52], [59, 21], [24, 62], [48, 29], [40, 50], [45, 50], [56, 36], [29, 63], [69, 19], [17, 79], [73, 14], [18, 83], [75, 21], [33, 60], [57, 37], [36, 66], [71, 25], [21, 82], [84, 18], [22, 81], [54, 42], [61, 50], [52, 52], [38, 67], [85, 29], [26, 77], [73, 35], [42, 69], [70, 38], [19, 91], [97, 18], [19, 91], [71, 45], [76, 49], [44, 70], [77, 51], [51, 69], [57, 61], [54, 70], [84, 47], [35, 81], [97, 38], [39, 86], [82, 49], [30, 96], [91, 51], [77, 53], [42, 84], [96, 47], [35, 91], [79, 59], [78, 67], [73, 72], [72, 74], [59, 84], [97, 58], [48, 88], [90, 68], [73, 76], [49, 91], [93, 74], [82, 82], [87, 85], [93, 89], [84, 90], [70, 91], [72, 91], [69, 92], [88, 93], [89, 94], [48, 96], [89, 97], [89, 97], [19, 98], [66, 98], [40, 99], [79, 99], [51, 99]]",62,11,0.0016006978519245152,0.0016006978519245152
"[[11, 13], [13, 29], [18, 15], [19, 19], [21, 21], [22, 24], [20, 44], [31, 20], [35, 12], [17, 48], [40, 10], [14, 58], [44, 17], [31, 31], [33, 32], [34, 34], [32, 41], [38, 27], [15, 64], [51, 12], [42, 28], [24, 57], [52, 24], [25, 61], [54, 25], [37, 52], [47, 30], [39, 53], [48, 31], [31, 62], [65, 15], [13, 81], [73, 10], [10, 88], [64, 21], [56, 27], [22, 79], [71, 18], [32, 68], [57, 37], [46, 57], [53, 39], [37, 62], [70, 22], [21, 87], [77, 14], [23, 87], [65, 26], [50, 53], [52, 57], [34, 79], [99, 15], [18, 99], [64, 51], [86, 30], [28, 80], [80, 34], [34, 80], [76, 39], [37, 82], [84, 43], [49, 70], [67, 59], [57, 66], [61, 73], [81, 47], [37, 88], [73, 60], [87, 39], [38, 97], [94, 38], [44, 89], [85, 47], [51, 88], [84, 51], [57, 84], [77, 57], [52, 96], [92, 53], [69, 89], [82, 62], [70, 77], [76, 81], [83, 73], [70, 96], [90, 61], [74, 94], [90, 61], [76, 92], [90, 68], [83, 96], [90, 84], [91, 84], [92, 94], [93, 42], [95, 61], [96, 91], [96, 61], [97, 39], [99, 47]]","[[11, 13], [13, 29], [18, 15], [19, 19], [21, 21], [22, 24], [20, 44], [31, 20], [35, 12], [17, 48], [40, 10], [14, 58], [44, 17], [31, 31], [33, 32], [34, 34], [32, 41], [38, 27], [15, 64], [51, 12], [42, 28], [24, 57], [52, 24], [25, 61], [54, 25], [37, 52], [47, 30], [39, 53], [48, 31], [31, 62], [65, 15], [13, 81], [73, 10], [10, 88], [64, 21], [56, 27], [22, 79], [71, 18], [32, 68], [57, 37], [46, 57], [53, 39], [37, 62], [70, 22], [21, 87], [77, 14], [23, 87], [65, 26], [50, 53], [52, 57], [34, 79], [99, 15], [18, 99], [64, 51], [86, 30], [28, 80], [80, 34], [34, 80], [76, 39], [37, 82], [84, 43], [49, 70], [67, 59], [57, 66], [61, 73], [81, 47], [37, 88], [73, 60], [87, 39], [38, 97], [94, 38], [44, 89], [85, 47], [51, 88], [84, 51], [57, 84], [77, 57], [52, 96], [92, 53], [69, 89], [82, 62], [70, 77], [76, 81], [83, 73], [70, 96], [90, 61], [74, 94], [90, 61], [76, 92], [90, 68], [83, 96], [90, 84], [91, 84], [92, 94], [93, 42], [95, 61], [96, 91], [96, 61], [97, 39], [99, 47]]",69,12,0.001806239737274229,0.001806239737274229
"[[11, 23], [16, 18], [19, 19], [17, 22], [28, 14], [10, 42], [34, 14], [24, 20], [22, 29], [25, 25], [30, 23], [22, 34], [27, 25], [30, 30], [25, 32], [35, 18], [19, 41], [42, 34], [35, 35], [21, 43], [60, 15], [12, 54], [55, 20], [16, 74], [57, 23], [43, 39], [34, 46], [40, 48], [62, 16], [10, 89], [59, 23], [44, 37], [51, 35], [25, 71], [73, 14], [19, 81], [59, 29], [45, 48], [48, 48], [41, 56], [73, 17], [17, 87], [74, 13], [25, 77], [74, 19], [22, 83], [76, 24], [27, 75], [55, 42], [52, 48], [40, 70], [81, 24], [36, 73], [53, 56], [68, 35], [43, 72], [72, 33], [32, 82], [69, 51], [63, 58], [55, 62], [34, 82], [95, 12], [31, 91], [87, 30], [33, 95], [88, 49], [54, 72], [74, 61], [63, 59], [41, 85], [98, 40], [34, 96], [94, 45], [56, 77], [77, 67], [67, 69], [69, 73], [60, 88], [98, 44], [50, 99], [84, 54], [66, 88], [89, 63], [64, 99], [95, 64], [69, 94], [90, 73], [75, 90], [85, 79], [85, 82], [81, 88], [87, 81], [86, 85], [92, 96], [96, 52], [95, 67], [96, 61], [96, 74], [98, 96]]","[[11, 23], [16, 18], [19, 19], [17, 22], [28, 14], [10, 42], [34, 14], [24, 20], [22, 29], [25, 25], [30, 23], [22, 34], [27, 25], [30, 30], [25, 32], [35, 18], [19, 41], [42, 34], [35, 35], [21, 43], [60, 15], [12, 54], [55, 20], [16, 74], [57, 23], [43, 39], [34, 46], [40, 48], [62, 16], [10, 89], [59, 23], [44, 37], [51, 35], [25, 71], [73, 14], [19, 81], [59, 29], [45, 48], [48, 48], [41, 56], [73, 17], [17, 87], [74, 13], [25, 77], [74, 19], [22, 83], [76, 24], [27, 75], [55, 42], [52, 48], [40, 70], [81, 24], [36, 73], [53, 56], [68, 35], [43, 72], [72, 33], [32, 82], [69, 51], [63, 58], [55, 62], [34, 82], [95, 12], [31, 91], [87, 30], [33, 95], [88, 49], [54, 72], [74, 61], [63, 59], [41, 85], [98, 40], [34, 96], [94, 45], [56, 77], [77, 67], [67, 69], [69, 73], [60, 88], [98, 44], [50, 99], [84, 54], [66, 88], [89, 63], [64, 99], [95, 64], [69, 94], [90, 73], [75, 90], [85, 79], [85, 82], [81, 88], [87, 81], [86, 85], [92, 96], [96, 52], [95, 67], [96, 61], [96, 74], [98, 96]]",72,13,0.0011159183001454576,0.0011159183001454576
"[[10, 65], [35, 10], [20, 17], [32, 17], [21, 23], [22, 18], [13, 31], [30, 21], [25, 25], [26, 29], [16, 42], [38, 19], [38, 17], [13, 48], [51, 18], [16, 51], [38, 26], [43, 28], [27, 40], [41, 36], [28, 46], [54, 19], [12, 60], [61, 15], [14, 66], [57, 25], [39, 40], [14, 71], [59, 20], [60, 19], [10, 82], [63, 17], [44, 49], [50, 33], [32, 58], [54, 39], [30, 63], [75, 11], [13, 77], [70, 17], [22, 74], [74, 18], [20, 77], [60, 37], [47, 49], [50, 53], [59, 43], [39, 60], [45, 57], [70, 25], [31, 79], [73, 26], [29, 85], [87, 18], [10, 96], [88, 19], [33, 73], [54, 54], [76, 36], [31, 88], [80, 23], [34, 99], [90, 19], [32, 99], [67, 45], [64, 53], [65, 56], [56, 71], [66, 62], [59, 67], [44, 85], [91, 20], [44, 88], [81, 39], [47, 86], [75, 59], [50, 95], [91, 23], [44, 99], [91, 37], [57, 94], [74, 72], [88, 57], [61, 90], [87, 60], [66, 87], [75, 74], [79, 76], [85, 75], [76, 98], [87, 61], [87, 97], [92, 58], [91, 83], [93, 43], [94, 21], [94, 77], [94, 88], [95, 96], [97, 71]]","[[10, 65], [35, 10], [20, 17], [32, 17], [21, 23], [22, 18], [13, 31], [30, 21], [25, 25], [26, 29], [16, 42], [38, 19], [38, 17], [13, 48], [51, 18], [16, 51], [38, 26], [43, 28], [27, 40], [41, 36], [28, 46], [54, 19], [12, 60], [61, 15], [14, 66], [57, 25], [39, 40], [14, 71], [59, 20], [60, 19], [10, 82], [63, 17], [44, 49], [50, 33], [32, 58], [54, 39], [30, 63], [75, 11], [13, 77], [70, 17], [22, 74], [74, 18], [20, 77], [60, 37], [47, 49], [50, 53], [59, 43], [39, 60], [45, 57], [70, 25], [31, 79], [73, 26], [29, 85], [87, 18], [10, 96], [88, 19], [33, 73], [54, 54], [76, 36], [31, 88], [80, 23], [34, 99], [90, 19], [32, 99], [67, 45], [64, 53], [65, 56], [56, 71], [66, 62], [59, 67], [44, 85], [91, 20], [44, 88], [81, 39], [47, 86], [75, 59], [50, 95], [91, 23], [44, 99], [91, 37], [57, 94], [74, 72], [88, 57], [61, 90], [87, 60], [66, 87], [75, 74], [79, 76], [85, 75], [76, 98], [87, 61], [87, 97], [92, 58], [91, 83], [93, 43], [94, 21], [94, 77], [94, 88], [95, 96], [97, 71]]",80,12,0.0012712501537802678,0.0012712501537802678
"[[10, 57], [38, 15], [24, 18], [16, 21], [17, 22], [23, 25], [39, 20], [20, 26], [21, 27], [18, 35], [41, 19], [20, 42], [44, 23], [29, 34], [28, 38], [36, 30], [17, 45], [59, 15], [11, 49], [53, 22], [20, 47], [55, 18], [19, 55], [50, 35], [37, 42], [14, 57], [86, 10], [10, 65], [53, 34], [17, 59], [58, 37], [68, 29], [20, 57], [61, 37], [22, 60], [75, 25], [23, 64], [52, 53], [70, 31], [34, 68], [58, 50], [60, 51], [40, 60], [39, 66], [97, 24], [16, 86], [94, 18], [18, 87], [80, 37], [42, 65], [65, 53], [51, 61], [60, 61], [47, 72], [91, 37], [17, 96], [95, 35], [55, 71], [61, 70], [81, 45], [41, 88], [83, 45], [55, 74], [73, 63], [51, 75], [88, 57], [49, 77], [82, 65], [68, 69], [67, 74], [71, 67], [69, 76], [76, 67], [59, 79], [89, 60], [54, 84], [76, 77], [92, 70], [37, 94], [87, 74], [91, 74], [82, 77], [82, 88], [97, 81], [78, 89], [83, 91], [88, 92], [82, 94], [76, 95], [19, 96], [99, 96], [99, 96], [43, 97], [15, 97], [36, 97], [87, 97], [31, 98], [53, 99], [46, 99], [83, 99]]","[[10, 57], [38, 15], [24, 18], [16, 21], [17, 22], [23, 25], [39, 20], [20, 26], [21, 27], [18, 35], [41, 19], [20, 42], [44, 23], [29, 34], [28, 38], [36, 30], [17, 45], [59, 15], [11, 49], [53, 22], [20, 47], [55, 18], [19, 55], [50, 35], [37, 42], [14, 57], [86, 10], [10, 65], [53, 34], [17, 59], [58, 37], [68, 29], [20, 57], [61, 37], [22, 60], [75, 25], [23, 64], [52, 53], [70, 31], [34, 68], [58, 50], [60, 51], [40, 60], [39, 66], [97, 24], [16, 86], [94, 18], [18, 87], [80, 37], [42, 65], [65, 53], [51, 61], [60, 61], [47, 72], [91, 37], [17, 96], [95, 35], [55, 71], [61, 70], [81, 45], [41, 88], [83, 45], [55, 74], [73, 63], [51, 75], [88, 57], [49, 77], [82, 65], [68, 69], [67, 74], [71, 67], [69, 76], [76, 67], [59, 79], [89, 60], [54, 84], [76, 77], [92, 70], [37, 94], [87, 74], [91, 74], [82, 77], [82, 88], [97, 81], [78, 89], [83, 91], [88, 92], [82, 94], [76, 95], [19, 96], [99, 96], [99, 96], [43, 97], [15, 97], [36, 97], [87, 97], [31, 98], [53, 99], [46, 99], [83, 99]]",80,11,0.0008635468378446198,0.0008635468378446198
"[[10, 19], [19, 17], [11, 18], [23, 21], [10, 30], [34, 19], [25, 25], [22, 27], [10, 39], [48, 15], [28, 28], [19, 29], [36, 28], [30, 36], [29, 37], [43, 26], [25, 38], [18, 46], [65, 12], [14, 51], [50, 22], [11, 62], [66, 11], [18, 59], [39, 42], [52, 22], [34, 41], [39, 44], [28, 55], [62, 18], [28, 62], [50, 41], [44, 45], [54, 33], [31, 64], [59, 21], [19, 85], [71, 13], [31, 69], [73, 13], [13, 88], [69, 28], [42, 56], [60, 40], [33, 69], [51, 58], [86, 26], [13, 97], [92, 15], [33, 73], [47, 66], [83, 34], [38, 74], [71, 45], [53, 59], [58, 55], [35, 76], [97, 21], [19, 92], [83, 36], [37, 75], [81, 42], [42, 74], [78, 47], [47, 76], [69, 48], [51, 67], [69, 56], [54, 71], [71, 59], [44, 82], [92, 29], [38, 94], [91, 47], [48, 80], [75, 62], [68, 67], [65, 72], [72, 67], [68, 71], [47, 82], [99, 45], [49, 88], [88, 55], [60, 78], [75, 72], [53, 88], [99, 50], [45, 93], [84, 71], [95, 59], [58, 88], [76, 83], [94, 72], [64, 85], [92, 89], [68, 91], [98, 88], [95, 90], [56, 97]]","[[10, 19], [19, 17], [11, 18], [23, 21], [10, 30], [34, 19], [25, 25], [22, 27], [10, 39], [48, 15], [28, 28], [19, 29], [36, 28], [30, 36], [29, 37], [43, 26], [25, 38], [18, 46], [65, 12], [14, 51], [50, 22], [11, 62], [66, 11], [18, 59], [39, 42], [52, 22], [34, 41], [39, 44], [28, 55], [62, 18], [28, 62], [50, 41], [44, 45], [54, 33], [31, 64], [59, 21], [19, 85], [71, 13], [31, 69], [73, 13], [13, 88], [69, 28], [42, 56], [60, 40], [33, 69], [51, 58], [86, 26], [13, 97], [92, 15], [33, 73], [47, 66], [83, 34], [38, 74], [71, 45], [53, 59], [58, 55], [35, 76], [97, 21], [19, 92], [83, 36], [37, 75], [81, 42], [42, 74], [78, 47], [47, 76], [69, 48], [51, 67], [69, 56], [54, 71], [71, 59], [44, 82], [92, 29], [38, 94], [91, 47], [48, 80], [75, 62], [68, 67], [65, 72], [72, 67], [68, 71], [47, 82], [99, 45], [49, 88], [88, 55], [60, 78], [75, 72], [53, 88], [99, 50], [45, 93], [84, 71], [95, 59], [58, 88], [76, 83], [94, 72], [64, 85], [92, 89], [68, 91], [98, 88], [95, 90], [56, 97]]",49,12,0.0022209782316826576,0.0022209782316826576
